{
  "delta_detection": {
    "per_observation": {
      "name": "delta_per_observation",
      "count": 15000,
      "min_ms": 0.007375,
      "p50_ms": 0.008125,
      "p95_ms": 0.016416,
      "p99_ms": 0.026667,
      "max_ms": 0.492875,
      "mean_ms": 0.0104415246
    },
    "time_to_fire": {
      "name": "delta_time_to_flag",
      "count": 3000,
      "min_ms": 0.032625,
      "p50_ms": 0.033083,
      "p95_ms": 0.03425,
      "p99_ms": 0.045292,
      "max_ms": 0.291666,
      "mean_ms": 0.03377870433333333
    },
    "fired_fraction": 1,
    "throughput_obs_per_sec": 95771.45467817984
  },
  "kappa_containment": {
    "policy_revoke": {
      "name": "kappa_policy_revoke",
      "count": 500,
      "min_ms": 0,
      "p50_ms": 0.000083,
      "p95_ms": 0.000167,
      "p99_ms": 0.00025,
      "max_ms": 0.013708,
      "mean_ms": 0.00011318
    },
    "process_kill": {
      "name": "kappa_process_kill",
      "count": 500,
      "min_ms": 0.176459,
      "p50_ms": 0.51675,
      "p95_ms": 1.091167,
      "p99_ms": 1.726459,
      "max_ms": 2.75125,
      "mean_ms": 0.5875200180000001
    },
    "total": {
      "name": "kappa_total",
      "count": 500,
      "min_ms": 0.176584,
      "p50_ms": 0.516833,
      "p95_ms": 1.091292,
      "p99_ms": 1.726709,
      "max_ms": 2.75125,
      "mean_ms": 0.587633198
    },
    "kill_measured": true
  },
  "blast_radius_note": "B(∞) ≤ w_node·(|R(t₀)|+λ(δ+κ)) + w_ent·Ḣ·(δ+κ) — residual damage is linear in the (δ+κ) tail."
}
